﻿pos_x,pos_y,rotation,side,designator,mpn,pack,footprint,value,mount_type,place
63.5,-74.25,180.0,bottom,C101,,,C_0603_1608Metric,1nF,smt,True
81.5,-65.75,0.0,bottom,C102,,,C_1206_3216Metric,47uF,smt,True
81.5,-62.25,0.0,bottom,C103,,,C_1206_3216Metric,47uF,smt,True
81.25,-65.75,0.0,top,C104,,,C_0603_1608Metric,22uF,smt,True
81.25,-62.25,0.0,top,C105,,,C_0603_1608Metric,22uF,smt,True
63.5,-70.25,180.0,bottom,C106,,,C_0603_1608Metric,1nF,smt,True
81.5,-70.25,0.0,bottom,C107,,,C_1206_3216Metric,47uF,smt,True
81.5,-74.25,0.0,bottom,C108,,,C_1206_3216Metric,47uF,smt,True
81.5,-70.25,0.0,top,C109,,,C_0603_1608Metric,22uF,smt,True
81.5,-74.25,0.0,top,C110,,,C_0603_1608Metric,22uF,smt,True
69.6,-60.1,180.0,bottom,C111,,,C_0603_1608Metric,1n,smt,True
63.5,-66.5,0.0,bottom,C112,,,C_0603_1608Metric,1n,smt,True
58.85,-81.96,0.0,top,D101,,,SOT-665,PESD5V0L4UW,smt,True
55.9,-67.62,-90.0,top,J101,,,USB_C_Receptacle_GCT_USB4125-xx-x-0190_6P_TopMnt_Horizontal,USB_C_Receptacle_PowerOnly_6P,smt,True
94.0,-56.5,-90.0,top,J102,,,JST_EH_B2B-EH-A_1x02_P2.50mm_Vertical,Conn_01x02_Pin,tht,True
96.75,-77.75,-90.0,top,J103,,,JST_EH_B2B-EH-A_1x02_P2.50mm_Vertical,Conn_01x02_Pin,tht,True
64.0,-61.75,180.0,top,R101,,,R_0603_1608Metric,0,smt,True
81.5,-85.6,-90.0,top,R102,,,R_0603_1608Metric,60.4k,smt,True
67.4,-85.425,-90.0,top,R103,,,R_0603_1608Metric,60.4k,smt,True
81.5,-89.425,-90.0,top,R104,,,R_0603_1608Metric,13.3k,smt,True
67.4,-89.425,-90.0,top,R105,,,R_0603_1608Metric,13.3k,smt,True
71.31,-69.1,180.0,bottom,U101,,,LGA77_9X15_ADI,LTM4644EY-1-PBF,smt,True
