﻿Designator,Quantity,Value,Footprint,Package,MPN,DNP,Mount_Type,Description
"C101, C106",2,1nF,C_0603_1608Metric,,,,smt,Unpolarized capacitor
"C102, C103, C107, C108",4,47uF,C_1206_3216Metric,,,,smt,Unpolarized capacitor
"C104, C105, C109, C110",4,22uF,C_0603_1608Metric,,,,smt,CAP CER 10UF 4V X5R 0603
"C111, C112",2,1n,C_0603_1608Metric,,,,smt,Unpolarized capacitor
D101,1,PESD5V0L4UW,SOT-665,,,,smt,"Low capacitance unidirectional quadruple ESD protection diode array, 5.0V, Common Anode, SOT-665"
J101,1,USB_C_Receptacle_PowerOnly_6P,USB_C_Receptacle_GCT_USB4125-xx-x-0190_6P_TopMnt_Horizontal,,,,smt,USB Power-Only 6P Type-C Receptacle connector
"J102, J103",2,Conn_01x02_Pin,JST_EH_B2B-EH-A_1x02_P2.50mm_Vertical,,,,tht,"Generic connector, single row, 01x02, script generated"
R101,1,0,R_0603_1608Metric,,,,smt,Resistor
"R102, R103",2,60.4k,R_0603_1608Metric,,,,smt,Resistor
"R104, R105",2,13.3k,R_0603_1608Metric,,,,smt,Resistor
U101,1,LTM4644EY-1-PBF,LGA77_9X15_ADI,,,,smt,
